1.10.2,1.11.0
1.11.2,1.12.0
1.12.1,1.12.2
1.12.0,1.13.0
1.13.2,1.13.3
1.13.5,1.14.0
1.14.0,1.15.0
1.15.4,1.16.0
1.16.2,1.16.3
1.16.5,1.17.0
1.17.1,1.18.0
1.18.3,1.19.0
1.19.11,1.19.12
1.19.12,1.19.13
1.19.2,1.20.0
1.20.6,1.21.0
1.20.7,1.20.8
1.21.1,1.21.2
1.21.3,1.22.0
1.21.6,1.21.7
1.21.7,1.21.8
1.21.8,1.21.9
1.22.3,1.22.4
1.22.4,1.22.5
1.22.5,1.22.6
1.23.6,1.24.0
1.23.8,1.23.9
1.24.1,1.24.2
1.24.2,1.25.0
1.25.1,1.25.2
1.25.2,1.25.3
1.25.3,1.25.4
1.25.3,1.26.0
1.26.3,1.27.0
1.27.1,1.28.0
1.28.2,1.29.0
1.5.1,1.5.2
1.5.8,1.6.0
1.6.7,1.7.0
1.7.1,1.8.0
1.8.2,1.9.0
1.9.3,1.10.0
